RstIntPer,Regio,A1,A2,B1,B2
0,Exterior,0,0,0,0
1,Randstad,-43028.94576,-24220.14849,-52988.64797,-29995.05371
2,Intermediate zone,-39389.97017,-27493.77691,-56749.19643,-56987.3867
3,Peripheral zone,-28809.25818,-17771.73632,-40471.60561,-45758.55958
