RstIntPer,Regio,A1,A2,B1,B2
0,Exterior,0,0,0,0
1,Randstad,9509.710106,4073.60003,5186.44443,0
2,Intermediate zone,8646.045358,7401.298366,3662.409506,0
3,Peripheral zone,8738.144536,8695.526604,4598.096064,0
