RstIntPer,Regio,A1,A2,B1,B2
0,Exterior,0,0,0,0
1,Randstad,5469.898986,5369.896255,29729.12421,23661.1704
2,Intermediate zone,9725.693894,10382.77571,57504.2581,59655.78706
3,Peripheral zone,8932.58212,8375.503036,46894.79269,50811.21754
