RstIntPer,Regio,A1,A2,B1,B2
0,Exterior,0,0,0,0
1,Randstad,39481.46516,26902.14096,20722.64149,5381.116004
2,Intermediate zone,25409.43429,17430.2063,11185.06832,5048.757996
3,Peripheral zone,16016.07455,11109.5091,7134.264191,0
