RstIntPer,Regio,A1,A2,B1,B2
0,Exterior,0,0,0,0
1,Randstad,30783.61658,18253.38544,11262.05881,3371.002924
2,Intermediate zone,19811.68327,11826.5782,6078.70851,3162.797076
3,Peripheral zone,12487.70014,7537.918711,3877.232683,0
